<?xml version="1.0" encoding="UTF-8"?>
<beans xmlns="http://www.springframework.org/schema/beans"
	xmlns:xsi="http://www.w3.org/2001/XMLSchema-instance" xmlns:context="http://www.springframework.org/schema/context"
	xmlns:mvc="http://www.springframework.org/schema/mvc" xmlns:jee="http://www.springframework.org/schema/jee"
	xmlns:tx="http://www.springframework.org/schema/tx"
	xsi:schemaLocation="http://www.springframework.org/schema/beans http://www.springframework.org/schema/beans/spring-beans.xsd
	http://www.springframework.org/schema/context http://www.springframework.org/schema/context/spring-context.xsd
	http://www.springframework.org/schema/mvc http://www.springframework.org/schema/mvc/spring-mvc.xsd
	http://www.springframework.org/schema/jee http://www.springframework.org/schema/jee/spring-jee.xsd
	 http://www.springframework.org/schema/tx http://www.springframework.org/schema/tx/spring-tx.xsd">

	<context:annotation-config></context:annotation-config>
	<context:component-scan base-package="com.learbspringmvc.dao"></context:component-scan>

	<beans profile="production">

		<jee:jndi-lookup id="dataSource" jndi-name="jdbc/springDB"
			expected-type="javax.sql.DataSource"></jee:jndi-lookup>


		<bean id="transactionManager"
			class="org.springframework.jdbc.datasource.DataSourceTransactionManager">
			<property name="dataSource" ref="dataSource"></property>
		</bean>
		<tx:annotation-driven />
	</beans>

</beans>
