<?xml version="1.0" encoding="UTF-8"?>
<beans xmlns="http://www.springframework.org/schema/beans"
	xmlns:xsi="http://www.w3.org/2001/XMLSchema-instance" xmlns:security="http://www.springframework.org/schema/security"
	xsi:schemaLocation="http://www.springframework.org/schema/beans http://www.springframework.org/schema/beans/spring-beans.xsd
		http://www.springframework.org/schema/security http://www.springframework.org/schema/security/spring-security-4.0.xsd">


	<security:authentication-manager>
		<!-- <security:authentication-provider>
			<security:user-service>
				<security:user name="Dilip" password="password"
					authorities="admin" />

				<security:user name="Aishu" password="password"
					authorities="admin" />
			</security:user-service>
		</security:authentication-provider> -->
		
		<security:authentication-provider >
			<security:jdbc-user-service id="jdbcUserService" data-source-ref="dataSource" authorities-by-username-query="Select * from authorities where binary username = ?" users-by-username-query="Select * from users where binary username = ?"/>
			<security:password-encoder ref="passwordEncoder"></security:password-encoder>
		</security:authentication-provider>
		
	</security:authentication-manager>

	
	<security:http use-expressions="true"  >
		<!-- <security:intercept-url pattern="/admin" access="permitAll" /> -->
		<security:intercept-url pattern="/admin" access="hasRole('ADMIN')" />
		<security:intercept-url pattern="/createOffers" access="isAuthenticated()" />
		<security:intercept-url pattern="/doCreate" access="isAuthenticated()" />
		<security:intercept-url pattern="/offerCreated" access="isAuthenticated()" />
		<security:intercept-url pattern="/" access="permitAll" />
		<security:intercept-url pattern="/denied" access="permitAll" />
		<security:intercept-url pattern="/static/**" access="permitAll" />
		<security:intercept-url pattern="/customlogin" access="permitAll" />
		<security:intercept-url pattern="/offers" access="permitAll" />
		<security:intercept-url pattern="/newAccount" access="permitAll" />
		<security:intercept-url pattern="/loggedout" access="permitAll" />
		<security:intercept-url pattern="/logout" access="permitAll" />
		<security:intercept-url pattern="/createAccount" access="permitAll" />
		<security:intercept-url pattern="/accountcreated" access="permitAll" />
		<security:intercept-url pattern="/**" access="denyAll" />
		<security:form-login login-page="/customlogin" authentication-failure-url="/customlogin?error=true" />
		<security:access-denied-handler error-page="/denied" />
		<security:logout logout-success-url="/loggedout" invalidate-session="true" logout-url="/logout"/>
		<security:remember-me key="offersAppKey" user-service-ref="jdbcUserService"/>
	</security:http>
	
	<bean id="passwordEncoder" class="org.springframework.security.crypto.password.StandardPasswordEncoder"></bean>
	
	<security:global-method-security secured-annotations="enabled"></security:global-method-security>
	

</beans>
